"annotation_id","annotator","created_at","id","lead_time","sentiment","updated_at","–¢–µ–∫—Å—Ç"
2,"1","2023-11-06T21:00:30.514647Z",1,13.966000000000001,"Positive","2023-11-06T21:00:45.980133Z","–ì–¥–µ –∏–Ω—Ñ–æ—Ä–º–∞—Ü–∏—è –æ –≤–∫–ª–∞–¥–µ 13%"
21,"1","2023-11-06T21:07:34.924281Z",3,15.050999999999998,"Neutral","2023-11-06T21:08:29.135426Z","–°–≤—è–∂–∏—Ç–µ —Å –æ–ø–µ—Ä–∞—Ç–æ—Ä–æ–º"
5,"1","2023-11-06T21:01:34.771947Z",4,8.217,"Neutral","2023-11-06T21:11:22.732656Z","–ó–¥—Ä–∞–≤—Å—Ç–≤—É–π—Ç–µ!"
7,"1","2023-11-06T21:01:40.669804Z",6,2.447,"Positive","2023-11-06T21:01:40.670797Z","–î–æ–±—Ä—ã–π –¥–µ–Ω—å. –Ø —Å–Ω—è–ª–∞ –¥–µ–Ω—å–≥–∏ —Å –Ω–∞–∫–æ–ø–∏—Ç–µ–ª—å–Ω–æ–≥–æ —Å—á—ë—Ç–∞ 1 —Å–µ–Ω—Ç—è–±—Ä—è 2023. –ö–æ–≥–¥–∞ —è –º–æ–≥—É –ø–æ–ª–æ–∂–∏—Ç—å –∏—Ö –Ω–∞ –Ω–∞–∫–æ–ø–∏—Ç–µ–ª—å–Ω—ã–π —Å—á—ë—Ç –ø–æ–¥ 13,5 –ø—Ä–æ—Ü–µ–Ω—Ç–æ–≤? –ß–µ—Ä–µ–∑ 3 –º–µ—Å—è—Ü–∞?"
8,"1","2023-11-06T21:01:43.832998Z",7,2.587,"Positive","2023-11-06T21:01:43.832998Z","–û–±—ã—á–Ω—ã–π –Ω–∞–∫–æ–ø–∏—Ç–µ–ª—å–Ω—ã–π —Å—á—ë—Ç"
10,"1","2023-11-06T21:01:49.464157Z",9,2.115,"Positive","2023-11-06T21:01:49.464157Z","–ó–¥—Ä–∞–≤—Å—Ç–≤—É–π—Ç–µ.  –í–∫–ª–∞–¥ ¬´–Ω–∞–∫–æ–ø–∏—Ç–µ–ª—å–Ω—ã–π —Å—á–µ—Ç¬ª –¥–æ—Å—Ç—É–ø–µ–Ω —Å–µ–π—á–∞—Å?"
11,"1","2023-11-06T21:01:52.279959Z",10,2.281,"Positive","2023-11-06T21:01:52.279959Z","–ó–¥—Ä–∞–≤—Å—Ç–≤—É–π—Ç–µ. –•–æ—á—É –æ—Ç–∫—Ä—ã—Ç—å –≤–∫–ª–∞–¥ –∫–æ–ø–∏–ª–∫–∞."
12,"1","2023-11-06T21:01:54.887130Z",11,2.03,"Positive","2023-11-06T21:01:54.887130Z","–ó–¥—Ä–∞–≤—Å—Ç–≤—É–π—Ç–µ, –ø–æ–¥—Å–∫–∞–∂–∏—Ç–µ –ø–æ–∂–∞–ª—É–π—Å—Ç–∞, —è –≥—Ä–∞–∂–¥–∞–Ω–∏–Ω —Ä–µ—Å–ø—É–±–ª–∏–∫–∏ –£–∑–±–µ–∫–∏—Å—Ç–∞–Ω, —Ä–∞–±–æ—Ç–∞—é —É–∂–µ –±–æ–ª—å—à–µ –¥–≤—É—Ö –ª–µ—Ç –≤ –Ω–µ—Ñ—Ç–µ–≥–∞–∑–æ–≤–æ–π –∫–æ–º–ø–∞–Ω–∏–∏ –∏ –¥–∞–Ω–Ω–∞—è –∫–∞—Ä—Ç–∞ —è–≤–ª—è–µ—Ç—Å—è –∑–∞—Ä–∞–±–æ—Ç–Ω–æ–π. –ú–æ–≥—É –ª–∏ —è –ø–æ–ª—É—á–∏—Ç—å –ø–æ—Ç—Ä–µ–±–∏—Ç–µ–ª—å—Å–∫–∏–π –∫—Ä–µ–¥–∏—Ç –æ—Ç –≤–∞—à–µ–≥–æ –±–∞–Ω–∫–∞ ? –ó–∞—Ä–∞–Ω–µ–µ —Å–ø–∞—Å–∏–±–æ –∑–∞ –æ—Ç–≤–µ—Ç."
14,"1","2023-11-06T21:02:11.637519Z",13,13.839,"Positive","2023-11-06T21:02:11.637519Z","–û—Ç–º–µ–Ω–∏—Ç—å –∏–ª–∏ —Å–∫–æ—Ä—Ä–µ–∫—Ç–∏—Ä–æ–≤–∞—Ç—å –∑–∞—è–≤–∫—É"
15,"1","2023-11-06T21:02:14.962248Z",14,2.666,"Positive","2023-11-06T21:02:14.962248Z","–í–∑—è—Ç—å –∫—Ä–µ–¥–∏—Ç"
16,"1","2023-11-06T21:02:42.847523Z",15,3.024,"Positive","2023-11-06T21:02:42.847523Z","–ö—Ä–µ–¥–∏—Ç—ã"
17,"1","2023-11-06T21:04:25.742371Z",16,5.063000000000001,"Positive","2023-11-06T21:04:29.048417Z","–£–∑–Ω–∞—Ç—å —Å—É–º–º—É –∫—Ä–µ–¥–∏—Ç–∞"
18,"1","2023-11-06T21:05:38.094955Z",17,7.677,"Negative","2023-11-06T21:06:32.557291Z","–ï—Å–ª–∏ –æ–Ω–∏ –∞–Ω–Ω—É–ª–∏—Ä–æ–≤–∞–ª–∏ –º–Ω–µ –∫—Ä–µ–¥–∏—Ç–Ω—É—é –∫–∞—Ä—Ç—É, –∫–∞–∫–æ–≥–æ —á–µ—Ä—Ç–∞ –º–µ–Ω—è –ø—Ä–∏ —ç—Ç–æ–º –∑–∞–≤–∞–ª–∏–≤–∞—é—Ç –ø—Ä–µ–¥–ª–æ–∂–µ–Ω–∏—è–º–∏ –æ–± –æ—Ñ–æ—Ä–º–ª–µ–Ω–∏–∏ –∫—Ä–µ–¥–∏—Ç–æ–≤ ?"
22,"1","2023-11-06T21:15:57.993075Z",18,2.795,"Positive","2023-11-06T21:15:57.993075Z","–ó–¥—Ä–∞—Å—å—Ç–µ, –∞ —É –≤–∞—Å –µ—Å—Ç—å –≤–∏—Ä—Ç—É–∞–ª—å–Ω—ã–µ –¥–µ–±–µ—Ç–æ–≤—ã–µ –∫–∞—Ä—Ç—ã?"
23,"1","2023-11-06T21:17:52.045523Z",19,3.169,"Neutral","2023-11-06T21:17:52.045523Z","–ê —Å—Ä–æ–∫ –∏–∑–≥–æ—Ç–æ–≤–ª–µ–Ω–∏—è –∫–∞—Ä—Ç—ã?"
24,"1","2023-11-06T21:17:54.548757Z",20,1.958,"Neutral","2023-11-06T21:17:54.548757Z","–î–æ–±—Ä—ã–π –¥–µ–Ω—å! –Ø –¥–µ–ª–∞–ª–∞ –∑–∞—è–≤–∫—É –Ω–∞ –∫—Ä–µ–¥–∏—Ç –æ–Ω–ª–∞–π–Ω, –æ—Ç–≤–µ—Ç–∞ –Ω–µ –ø–æ–ª—É—á–∏–ª–∞"
25,"1","2023-11-06T21:17:57.015965Z",21,1.918,"Neutral","2023-11-06T21:17:57.015965Z","–ú–æ–∂–Ω–æ –∑–∞–∫–∞–∑–∞—Ç—å —á–µ—Ä–µ–∑ –æ–Ω–ª–∞–π–Ω –∫–∞—Ä—Ç—É –ø–µ—Ä–µ–∑–∞–ø—É—Å—Ç–∏—Ç—å"
26,"1","2023-11-06T21:17:59.710177Z",22,2.117,"Neutral","2023-11-06T21:17:59.710177Z","–ó–¥—Ä–∞–≤—Å—Ç–≤—É–π—Ç–µ, –ø–æ–¥—Å–∫–∞–∂–∏—Ç–µ, —É –º–µ–Ω—è —Å–≥–æ—Ä–µ–ª –¥–æ–º –∏ –Ω—É–∂–Ω–∞ –Ω–æ–≤–∞—è –∫–∞—Ä—Ç–∞ –∑–∞—Ä–ø–ª–∞—Ç–Ω–∞—è, —á—Ç–æ –º–Ω–µ —Å–¥–µ–ª–∞—Ç—å"
27,"1","2023-11-06T21:18:02.224954Z",23,1.871,"Neutral","2023-11-06T21:18:02.224954Z","–Ø –Ω–µ —É—Å–ø–µ–ª, –µ—â—ë —Ä–∞–∑
–ö–∞—Ä—Ç–∞ –æ—Ç —É—á–µ–±–Ω–æ–≥–æ –∑–∞–≤–µ–¥–µ–Ω–∏—è –¥–æ–ª–∂–Ω–∞ –ø—Ä–æ—Å—Ä–æ—á–∏—Ç—å—Å—è 09 23, –∫–∞–∫ –º–Ω–µ –ø–æ—Å–º–æ—Ç—Ä–µ—Ç—å –ø—Ä–æ–¥–ª—è–ª–∞—Å—å –ª–∏ –æ–Ω–∞?"
28,"1","2023-11-06T21:18:05.015697Z",24,2.199,"Neutral","2023-11-06T21:18:05.015697Z","–ó–¥—Ä–∞–≤—Å—Ç–≤—É–π—Ç–µ, –≥–æ—Ç–æ–≤–∞ –ª–∏ –º–æ—è –∫–∞—Ä—Ç–∞?"
29,"1","2023-11-06T21:18:07.571203Z",25,1.826,"Neutral","2023-11-06T21:18:07.571203Z","–°–∫–æ–ª—å–∫–æ –≤—Ä–µ–º–µ–Ω–∏ –ø–µ—Ä–µ–≤—ã–ø—É—Å–∫–∞–µ—Ç—Å—è –Ω–æ–≤–∞—è –∫–∞—Ä—Ç–∞ –ø–æ—Å–ª–µ –±–ª–æ–∫–∏—Ä–æ–≤–∫–∏"
30,"1","2023-11-06T21:18:10.764481Z",26,2.574,"Neutral","2023-11-06T21:18:10.764481Z","–ó–¥—Ä–∞–≤—Å—Ç–≤—É–π—Ç–µ! –°—Ä–æ–∫ –¥–µ–π—Å—Ç–≤–∏—è –∑–∞—Ä–ø–ª–∞—Ç–Ω–æ–π –∫–∞—Ä—Ç—ã 11/23. –ö–∞–∫–∏–µ –º–æ–∏ –¥–µ–π—Å—Ç–≤–∏—è? –ú–æ–∂–Ω–æ –∏–¥—Ç–∏ –ø–æ–ª—É—á–∞—Ç—å –∏–ª–∏ –Ω–µ –≥–æ—Ç–æ–≤–∞ –µ—â—ë?"
31,"1","2023-11-06T21:18:13.248905Z",27,1.706,"Neutral","2023-11-06T21:18:13.248905Z","–ù–µ –º–æ–≥—É –ø–µ—Ä–µ–≤–µ—Å—Ç–∏ –¥–µ–Ω—å–≥–∏ —Å –∫–∞—Ä—Ç—ã –¥—Ä—É–≥–æ–≥–æ –±–∞–Ω–∫–∞ –Ω–∏ –Ω–∞ –æ–¥–Ω—É –∏–∑ –∫–∞—Ä—Ç –≥–∞–∑–ø—Ä–æ–º–∞"
32,"1","2023-11-06T21:18:15.676778Z",28,1.886,"Neutral","2023-11-06T21:18:15.676778Z","–ù–µ –º–æ–≥—É –ø–µ—Ä–µ–≤–µ—Å—Ç–∏ –¥–µ–Ω—å–≥–∏ —Å –∫–∞—Ä—Ç—ã –¥—Ä—É–≥–æ–≥–æ –±–∞–Ω–∫–∞ –Ω–∏ –Ω–∞ –æ–¥–Ω—É –∏–∑ –∫–∞—Ä—Ç –≥–∞–∑–ø—Ä–æ–º–∞"
33,"1","2023-11-06T21:18:18.344917Z",29,2.073,"Neutral","2023-11-06T21:18:18.344917Z","–ó–∞–±—ã–ª –ø–∏–Ω –∫–æ–¥ –æ—Ç –∫–∞—Ä—Ç—ã"
34,"1","2023-11-06T21:18:20.961957Z",31,2.041,"Neutral","2023-11-06T21:18:20.962965Z","–°–∫–æ–ª—å–∫–æ –≤—Ä–µ–º–µ–Ω–∏ –ø–µ—Ä–µ–≤—ã–ø—É—Å–∫–∞–µ—Ç—Å—è –Ω–æ–≤–∞—è –∫–∞—Ä—Ç–∞ –ø–æ—Å–ª–µ –±–ª–æ–∫–∏—Ä–æ–≤–∫–∏"
35,"1","2023-11-06T21:18:23.568474Z",33,1.831,"Neutral","2023-11-06T21:18:23.568474Z","–î–æ–±—Ä—ã–π –¥–µ–Ω—å! –ö–æ–≥–¥–∞ —Ä–∞–∑–±–ª–æ–∫–∏—Ä—É—é—Ç –¥–µ–Ω–µ–∂–Ω—ã–µ —Å—Ä–µ–¥—Å—Ç–≤–∞ –Ω–∞ —Å—á–µ—Ç—É ?"
36,"1","2023-11-06T21:18:26.261814Z",34,2.144,"Neutral","2023-11-06T21:18:26.261814Z","–†–∞–∑–±–ª–æ–∫–∏—Ä–æ–≤–∞—Ç—å –∫–∞—Ä—Ç—É"
37,"1","2023-11-06T21:18:29.216653Z",35,2.345,"Neutral","2023-11-06T21:18:29.216653Z","–ü–µ—Ä–µ–≤—ã—à–µ–Ω –ª–∏–º–∏—Ç –Ω–∞–ø–∏—Å–∞–ª —Ç–∞–º"
38,"1","2023-11-06T21:18:31.767545Z",36,1.906,"Neutral","2023-11-06T21:18:31.767545Z","–î–æ–±—Ä–æ–≥–æ –≤—Ä–µ–º–µ–Ω–∏ —Å—É—Ç–æ–∫! –•–æ—Ç–µ–ª –ø–µ—Ä–µ–≤–µ—Å—Ç–∏ –¥–µ–Ω—å–≥–∏ —á–µ–ª–æ–≤–µ–∫—É –∏ –º–µ–Ω—è –∑–∞–±–ª–æ–∫–∏—Ä–æ–≤–∞–ª–∏ –∫–∞—Ä—Ç—É"
39,"1","2023-11-06T21:18:35.187194Z",37,2.823,"Neutral","2023-11-06T21:18:35.187194Z","–ë—É–¥–µ—Ç –ª–∏ –≤ –¥–∞–Ω–Ω–æ–º —Å–ª—É—á–∞–µ —Ä–∞–∑–±–ª–æ–∫–∏—Ä–æ–≤–∞–Ω–∞ –∫—Ä–µ–¥–∏—Ç–Ω–∞—è –∫–∞—Ä—Ç–∞ –∏ —Å–º–æ–≥—É –ª–∏ –µ–π –ø–æ–ª—å–∑–æ–≤–∞—Ç—å—Å—è"
40,"1","2023-11-06T21:18:37.792759Z",38,1.966,"Neutral","2023-11-06T21:18:37.792759Z","–î–∞–Ω–Ω—É—é –æ–ø–µ—Ä–∞—Ü–∏—é –ø–æ–≤—Ç–æ—Ä–Ω–æ –ø—Ä–æ–≤–æ–¥–∏—Ç—å –Ω–µ –Ω—É–∂–Ω–æ —Ç–∞–∫ –∫–∞–∫ –Ω–∞ —Ç–æ—Ç –º–æ–º–µ–Ω—Ç —Ä–µ—à–∏–ª–∏ —Å–∏—Ç—É–∞—Ü–∏—é –∏–Ω—ã–º —Å–ø–æ—Å–æ–±–æ–º, –∫–∞–∫ —è —Å–µ–π—á–∞—Å –º–æ–≥—É —Ä–∞–∑–±–ª–æ–∫–∏—Ä–æ–≤–∞—Ç—å –∫–∞—Ä—Ç—É?"
41,"1","2023-11-06T21:18:40.365151Z",39,2.046,"Neutral","2023-11-06T21:18:40.365151Z","–ú–æ–≥–ª–∏ –±—ã –ø—Ä–æ–∫–æ–Ω—Å—É–ª—å—Ç–∏—Ä–æ–≤–∞—Ç—å –ø–æ –ø–æ—Å–ª–µ–¥–Ω–µ–º—É –∑–∞—á–∏—Å–ª–µ–Ω–∏—é?"
42,"1","2023-11-06T21:18:42.830205Z",40,1.846,"Neutral","2023-11-06T21:18:42.830205Z","–ó–¥—Ä–∞–≤—Å—Ç–≤—É–π—Ç–µ. –°–∫–∞–∂–∏—Ç–µ –ø–æ–∂–∞–ª—É—Å—Ç–∞, –±—ã–ª–æ –ø–æ—Å—Ç—É–ø–ª–µ–Ω–∏–µ. 2030 —Ä—É–±–ª–µ–π –Ω–∞ –∫–∞—Ä—Ç—É. –û—Ç –∫–æ–≥–æ –º–æ–∂–Ω–æ —É–∑–Ω–∞—Ç—å?"
43,"1","2023-11-06T21:18:45.319055Z",42,1.868,"Neutral","2023-11-06T21:18:45.319055Z","–ö—Ç–æ –ø–æ–ø–æ–ª–Ω–∏–ª –∫–∞—Ä—Ç—É"
44,"1","2023-11-06T21:18:47.685871Z",43,1.788,"Neutral","2023-11-06T21:18:47.685871Z","–ß—Ç–æ —ç—Ç–æ –∑–∞ –æ–ø–µ—Ä–∞—Ü–∏—è?"
45,"1","2023-11-06T21:18:49.820719Z",45,1.562,"Neutral","2023-11-06T21:18:49.820719Z","–î–æ–±—Ä—ã–π –¥–µ–Ω—å ! –ú–æ–∂–Ω–æ –∑–∞–∫–∞–∑–∞—Ç—å –¥–µ—Ç–∞–ª–∏–∑–∞—Ü–∏—é –ø–æ –∫–∞—Ä—Ç–µ?"
46,"1","2023-11-06T21:18:52.177441Z",47,1.728,"Neutral","2023-11-06T21:18:52.177441Z","–ü–æ—á–µ–º—É –Ω–µ –º–æ–≥—É –∑–∞–∫–∞–∑–∞—Ç—å –≤—ã–ø–∏—Å–∫—É —Ç—Ä–∞—Ç –ø–æ –∫–∞—Ä—Ç–µ "
47,"1","2023-11-06T21:18:54.770507Z",48,2.079,"Neutral","2023-11-06T21:18:54.771500Z","–Ø —Å–ª—É—á–∞–π–Ω–æ —Å–∫—Ä—ã–ª –≤–∏—Ä—Ç—É–∞–ª—å–Ω—É—é –∫–∞—Ä—Ç—É –∏ —Ç–µ–ø–µ—Ä—å –Ω–µ –ø–æ–Ω–∏–º–∞—é –∫–∞–∫ –µ–µ –≤–µ—Ä–Ω—É—Ç—å"
48,"1","2023-11-06T21:18:57.209238Z",49,1.813,"Neutral","2023-11-06T21:18:57.209238Z","–ú–æ–∂–Ω–æ –∑–∞–∫–∞–∑–∞—Ç—å —á–µ—Ä–µ–∑ –æ–Ω–ª–∞–π–Ω –∫–∞—Ä—Ç—É –ø–µ—Ä–µ–∑–∞–ø—É—Å—Ç–∏—Ç—å"
49,"1","2023-11-06T21:19:04.549192Z",50,6.699,"Neutral","2023-11-06T21:19:04.549192Z","–ï—Å—Ç—å –ª–∏ —É –≤–∞—Å –ø–µ–Ω—Å–∏–æ–Ω–Ω–∞—è –∫–∞—Ä—Ç–∞?"
50,"1","2023-11-06T21:19:07.593710Z",51,2.445,"Neutral","2023-11-06T21:19:07.593710Z","–î–æ–±—Ä—ã–π –¥–µ–Ω—å. –ù—É–∂–Ω–æ –¥–ª—è —Ä–µ–±—ë–Ω–∫–∞ –æ—Ñ–æ—Ä–º–∏—Ç—å  ""–ö–∞—Ä—Ç—É –°–∞—Ö–∞–ª–∏–Ω—Ü–∞"". –ß—Ç–æ –¥–ª—è —ç—Ç–æ–≥–æ –Ω—É–∂–Ω–æ?"
51,"1","2023-11-06T21:19:10.499316Z",52,2.302,"Neutral","2023-11-06T21:19:10.499316Z","–ù—É–∂–Ω–∞ –∫–∞—Ä—Ç–∞ –¥–ª—è —Ä–µ–±–µ–Ω–∫–∞"
52,"1","2023-11-06T21:19:13.125623Z",53,2.009,"Neutral","2023-11-06T21:19:13.125623Z","–ó–¥—Ä–∞–≤—Å—Ç–≤—É–π—Ç–µ!
–ù–∞ —Ä–∞–±–æ—Ç–µ –ø–µ—Ä–µ—Ö–æ–¥–∏–º –≤ –¥—Ä—É–≥–æ–π –±–∞–Ω–∫, —Å–æ–æ—Ç–≤–µ—Ç—Å—Ç–≤–µ–Ω–Ω–æ –∑–∞—Ä–ø–ª–∞—Ç–Ω—ã–π –ø—Ä–æ–µ–∫—Ç –≤ –í–∞—à–µ–º –±–∞–Ω–∫–µ –ø—Ä–µ–∫—Ä–∞—â–∞–µ—Ç—Å—è. 
–ú—ã —Å –∫–æ–ª–ª–µ–≥–∞–º–∏ —Ö–æ—Ç–∏–º —É–∑–Ω–∞—Ç—å, –º–æ–∂–Ω–æ –ª–∏ –±—É–¥–µ—Ç –±–µ—Å–ø–ª–∞—Ç–Ω–æ –ø—Ä–æ–¥–æ–ª–∂–∞—Ç—å –ø–æ–ª—å–∑–æ–≤–∞—Ç—å—Å—è –∑–æ–ª–æ—Ç–æ–π –∫–∞—Ä—Ç–æ–π –í–∞—à–µ–≥–æ –±–∞–Ω–∫–∞ –∏–ª–∏ –Ω–∞ –∫–∞–∫–∏—Ö –Ω–æ–≤—ã—Ö —É—Å–ª–æ–≤–∏—è—Ö –ø—Ä–æ–¥–æ–ª–∂–∏–º —Å–æ—Ç—Ä—É–¥–Ω–∏—á–µ—Å—Ç–≤–æ?"
53,"1","2023-11-06T21:19:15.665823Z",54,1.834,"Neutral","2023-11-06T21:19:15.665823Z","–ó–¥—Ä–∞—Å—å—Ç–µ, –∞ —É –≤–∞—Å –µ—Å—Ç—å –≤–∏—Ä—Ç—É–∞–ª—å–Ω—ã–µ –¥–µ–±–µ—Ç–æ–≤—ã–µ –∫–∞—Ä—Ç—ã?"
54,"1","2023-11-06T21:19:19.067361Z",55,2.772,"Neutral","2023-11-06T21:19:19.067361Z","–ê —Å—Ä–æ–∫ –∏–∑–≥–æ—Ç–æ–≤–ª–µ–Ω–∏—è –∫–∞—Ä—Ç—ã?"
55,"1","2023-11-06T21:19:21.685375Z",56,2.0,"Neutral","2023-11-06T21:19:21.685375Z","–î–æ–±—Ä—ã–π –¥–µ–Ω—å! –Ø –¥–µ–ª–∞–ª–∞ –∑–∞—è–≤–∫—É –Ω–∞ –∫—Ä–µ–¥–∏—Ç –æ–Ω–ª–∞–π–Ω, –æ—Ç–≤–µ—Ç–∞ –Ω–µ –ø–æ–ª—É—á–∏–ª–∞"
56,"1","2023-11-06T21:19:24.118041Z",57,1.819,"Neutral","2023-11-06T21:19:24.118041Z","–ú–æ–∂–Ω–æ –∑–∞–∫–∞–∑–∞—Ç—å —á–µ—Ä–µ–∑ –æ–Ω–ª–∞–π–Ω –∫–∞—Ä—Ç—É –ø–µ—Ä–µ–∑–∞–ø—É—Å—Ç–∏—Ç—å"
57,"1","2023-11-06T21:19:26.599946Z",58,1.893,"Neutral","2023-11-06T21:19:26.599946Z","–ó–¥—Ä–∞–≤—Å—Ç–≤—É–π—Ç–µ, –ø–æ–¥—Å–∫–∞–∂–∏—Ç–µ, —É –º–µ–Ω—è —Å–≥–æ—Ä–µ–ª –¥–æ–º –∏ –Ω—É–∂–Ω–∞ –Ω–æ–≤–∞—è –∫–∞—Ä—Ç–∞ –∑–∞—Ä–ø–ª–∞—Ç–Ω–∞—è, —á—Ç–æ –º–Ω–µ —Å–¥–µ–ª–∞—Ç—å"
58,"1","2023-11-06T21:19:28.834710Z",59,1.602,"Neutral","2023-11-06T21:19:28.834710Z","–Ø –Ω–µ —É—Å–ø–µ–ª, –µ—â—ë —Ä–∞–∑
–ö–∞—Ä—Ç–∞ –æ—Ç —É—á–µ–±–Ω–æ–≥–æ –∑–∞–≤–µ–¥–µ–Ω–∏—è –¥–æ–ª–∂–Ω–∞ –ø—Ä–æ—Å—Ä–æ—á–∏—Ç—å—Å—è 09 23, –∫–∞–∫ –º–Ω–µ –ø–æ—Å–º–æ—Ç—Ä–µ—Ç—å –ø—Ä–æ–¥–ª—è–ª–∞—Å—å –ª–∏ –æ–Ω–∞?"
59,"1","2023-11-06T21:19:31.177115Z",60,1.742,"Neutral","2023-11-06T21:19:31.177115Z","–ó–¥—Ä–∞–≤—Å—Ç–≤—É–π—Ç–µ, –≥–æ—Ç–æ–≤–∞ –ª–∏ –º–æ—è –∫–∞—Ä—Ç–∞?"
60,"1","2023-11-06T21:19:33.342382Z",61,1.587,"Neutral","2023-11-06T21:19:33.342382Z","–ê —Å—Ä–æ–∫ –∏–∑–≥–æ—Ç–æ–≤–ª–µ–Ω–∏—è –∫–∞—Ä—Ç—ã?"
61,"1","2023-11-06T21:19:35.652268Z",62,1.78,"Neutral","2023-11-06T21:19:35.653267Z","–°–∫–æ–ª—å–∫–æ –≤—Ä–µ–º–µ–Ω–∏ –ø–µ—Ä–µ–≤—ã–ø—É—Å–∫–∞–µ—Ç—Å—è –Ω–æ–≤–∞—è –∫–∞—Ä—Ç–∞ –ø–æ—Å–ª–µ –±–ª–æ–∫–∏—Ä–æ–≤–∫–∏"
62,"1","2023-11-06T21:19:38.225546Z",63,2.002,"Neutral","2023-11-06T21:19:38.225546Z","–ó–¥—Ä–∞–≤—Å—Ç–≤—É–π—Ç–µ! –°—Ä–æ–∫ –¥–µ–π—Å—Ç–≤–∏—è –∑–∞—Ä–ø–ª–∞—Ç–Ω–æ–π –∫–∞—Ä—Ç—ã 11/23. –ö–∞–∫–∏–µ –º–æ–∏ –¥–µ–π—Å—Ç–≤–∏—è? –ú–æ–∂–Ω–æ –∏–¥—Ç–∏ –ø–æ–ª—É—á–∞—Ç—å –∏–ª–∏ –Ω–µ –≥–æ—Ç–æ–≤–∞ –µ—â—ë?"
63,"1","2023-11-06T21:19:41.938551Z",64,3.107,"Neutral","2023-11-06T21:19:41.938551Z","–ü–∏–Ω–∫–æ–¥ –∫–∞—Ä—Ç—ã"
64,"1","2023-11-06T21:19:44.978039Z",65,2.409,"Neutral","2023-11-06T21:19:44.978039Z","–ó–∞–±—ã–ª–∞ –ø–∏–Ω –∫–æ–¥"
65,"1","2023-11-06T21:19:47.209340Z",66,1.647,"Neutral","2023-11-06T21:19:47.209340Z","–ù–µ –º–æ–≥—É –ø–µ—Ä–µ–≤–µ—Å—Ç–∏ –¥–µ–Ω—å–≥–∏ —Å –∫–∞—Ä—Ç—ã –¥—Ä—É–≥–æ–≥–æ –±–∞–Ω–∫–∞ –Ω–∏ –Ω–∞ –æ–¥–Ω—É –∏–∑ –∫–∞—Ä—Ç –≥–∞–∑–ø—Ä–æ–º–∞"
66,"1","2023-11-06T21:19:49.803188Z",67,1.935,"Neutral","2023-11-06T21:19:49.804200Z","–ù–µ –º–æ–≥—É –ø–µ—Ä–µ–≤–µ—Å—Ç–∏ –¥–µ–Ω—å–≥–∏ —Å –∫–∞—Ä—Ç—ã –¥—Ä—É–≥–æ–≥–æ –±–∞–Ω–∫–∞ –Ω–∏ –Ω–∞ –æ–¥–Ω—É –∏–∑ –∫–∞—Ä—Ç –≥–∞–∑–ø—Ä–æ–º–∞"
67,"1","2023-11-06T21:19:52.268355Z",68,1.853,"Neutral","2023-11-06T21:19:52.268355Z","–ó–∞–±—ã–ª –ø–∏–Ω –∫–æ–¥ –æ—Ç –∫–∞—Ä—Ç—ã"
68,"1","2023-11-06T21:29:41.488553Z",69,2.615,"Negative","2023-11-06T21:29:41.488553Z","–ó–¥—Ä–∞–≤—Å—Ç–≤—É–π—Ç–µ. –ö–∞–∫ –∑–∞–∫—Ä—ã—Ç—å –∫–∞—Ä—Ç—É, –∫–æ—Ç–æ—Ä–∞—è –∑–∞–±–ª–æ–∫–∏—Ä–æ–≤–∞–Ω–∞?"
69,"1","2023-11-06T21:29:43.781257Z",70,1.68,"Negative","2023-11-06T21:29:43.781257Z","–í –æ—Ñ–∏—Å–µ –±–∞–Ω–∫–∞ –±—ã–ª –ø—Ä–µ–¥—Å—Ç–∞–≤–∏—Ç–µ–ª—å –ø–æ –¥–æ–≤–µ—Ä–µ–Ω–Ω–æ—Å—Ç–∏"
70,"1","2023-11-06T21:29:46.018001Z",71,1.687,"Negative","2023-11-06T21:29:46.018001Z","–Ø –¥–µ–ª–∞–ª–∞ –µ—ë –¥–ª—è —Å—Ç–∏–ø–µ–Ω–¥–∏–∏, –±–æ–ª—å—à–µ –æ–Ω–∞ –º–Ω–µ –Ω–µ –Ω—É–∂–Ω–∞"
71,"1","2023-11-06T21:29:48.881488Z",72,2.252,"Negative","2023-11-06T21:29:48.881488Z","–ó–¥—Ä–∞–≤—Å—Ç–≤—É–π—Ç–µ! –Ø –æ—Ç–∫—Ä—ã–ª –≤–∫–ª–∞–¥ –Ω–∞ 31 –¥–Ω–µ–π. –Ø –¥—É–º–∞–ª –∫–∞–∫ 31 –¥–Ω–µ–π –∑–∞–∫–æ–Ω—á–∞—Ç—Å—è, —è –º–æ–≥—É –∏—Å–ø–æ–ª—å–∑–æ–≤–∞—Ç—å —Å–≤–æ–∏ –¥–µ–Ω—å–≥–∏. –ù–æ, —ç—Ç–æ –∞–≤—Ç–æ–º–∞—Ç–∏—á–µ—Å–∫–∏ –ø—Ä–æ–¥–ª–∏–ª–æ—Å—å –Ω–∞ –µ—â—ë 31 –¥–Ω–µ–π –¥–æ 1–æ–≥–æ –Ω–æ—è–±—Ä—è. –°–º–æ–≥—É –ª–∏ —è –Ω–æ—Ä–º–∞–ª—å–Ω–æ 1–æ–≥–æ –Ω–æ—è–±—Ä—è –∑–∞–∫—Ä—ã—Ç —Å–≤–æ–π –≤–∫–ª–∞–¥ –∏ –≤–∑—è—Ç—å –¥–µ–Ω—å–≥–∏, –∏–ª–∏ –æ–Ω –±—É–¥–µ—Ç –ø—Ä–æ–¥–æ–ª–∂–∞—Ç—Å—è –∞–≤—Ç–æ–º–∞—Ç–∏—á–µ—Å–∫–∏ –¥–æ –±–µ—Å–∫–æ–Ω–µ—á–Ω–æ—Å—Ç–∏?"
72,"1","2023-11-06T21:29:51.468555Z",73,1.772,"Negative","2023-11-06T21:29:51.468555Z","–Ø –Ω–µ –ø–∏—Å–∞–ª –ø—Ä–æ –¥–æ—Å—Ä–æ—á–Ω–æ–µ –∑–∞–∫—Ä—ã—Ç–∏–µ –≤–∫–ª–∞–¥–∞. –ü—Ä–æ—á—Ç–∏—Ç–µ –≤–Ω–∏–º–∞—Ç–µ–ª—å–Ω–æ –º–æ–π –≤–æ–ø—Ä–æ—Å."
73,"1","2023-11-06T21:29:53.797168Z",74,1.797,"Negative","2023-11-06T21:29:53.797168Z","–°—Ä–æ–∫ –≤–∫–ª–∞–¥–∞ ""–í–∞—à —É—Å–ø–µ—Ö"" –¥–æ 17.10. –ï—Å–ª–∏ —Å–µ–≥–æ–¥–Ω—è 17.10 –∑–∞–∫—Ä—ã–≤–∞—Ç—å –≤–∫–ª–∞–¥ —ç—Ç–æ –Ω–µ –±—É–¥–µ—Ç –¥–æ—Å—Ä–æ—á–Ω—ã–º –∑–∞–∫—Ä—ã—Ç–∏–µ–º?"
74,"1","2023-11-06T21:29:56.340105Z",75,1.899,"Negative","2023-11-06T21:29:56.340105Z","–ó–¥—Ä–∞–≤—Å—Ç–≤—É–π—Ç–µ
–Ø —Ö–æ—Ç–µ–ª–∞ –±—ã –∑–∞–∫—Ä—ã—Ç—å –≤–∫–ª–∞–¥ –¥–æ—Å—Ä–æ—á–Ω–æ, –∫–∞–∫ —ç—Ç–æ —Å–¥–µ–ª–∞—Ç—å?"
75,"1","2023-11-06T21:29:58.773632Z",76,1.708,"Negative","2023-11-06T21:29:58.773632Z","–ó–¥—Ä–∞–≤—Å—Ç–≤—É–π—Ç–µ! –Ø –æ—Ç–∫—Ä—ã–ª –≤–∫–ª–∞–¥ –Ω–∞ 31 –¥–Ω–µ–π. –Ø –¥—É–º–∞–ª –∫–∞–∫ 31 –¥–Ω–µ–π –∑–∞–∫–æ–Ω—á–∞—Ç—Å—è, —è –º–æ–≥—É –∏—Å–ø–æ–ª—å–∑–æ–≤–∞—Ç—å —Å–≤–æ–∏ –¥–µ–Ω—å–≥–∏. –ù–æ, —ç—Ç–æ –∞–≤—Ç–æ–º–∞—Ç–∏—á–µ—Å–∫–∏ –ø—Ä–æ–¥–ª–∏–ª–æ—Å—å –Ω–∞ –µ—â—ë 31 –¥–Ω–µ–π –¥–æ 1–æ–≥–æ –Ω–æ—è–±—Ä—è. –°–º–æ–≥—É –ª–∏ —è –Ω–æ—Ä–º–∞–ª—å–Ω–æ 1–æ–≥–æ –Ω–æ—è–±—Ä—è –∑–∞–∫—Ä—ã—Ç —Å–≤–æ–π –≤–∫–ª–∞–¥ –∏ –≤–∑—è—Ç—å –¥–µ–Ω—å–≥–∏, –∏–ª–∏ –æ–Ω –±—É–¥–µ—Ç –ø—Ä–æ–¥–æ–ª–∂–∞—Ç—Å—è –∞–≤—Ç–æ–º–∞—Ç–∏—á–µ—Å–∫–∏ –¥–æ –±–µ—Å–∫–æ–Ω–µ—á–Ω–æ—Å—Ç–∏?"
76,"1","2023-11-06T21:30:01.072929Z",77,1.392,"Negative","2023-11-06T21:30:01.072929Z","–ó–¥—Ä–∞–≤—Å—Ç–≤—É–π—Ç–µ! –ó–∞ —á—Ç–æ —É –º–µ–Ω—è –∏–¥–µ—Ç —Å–ø–∏—Å–∞–Ω–∏–µ –∫–∞–∂–¥—ã–π –º–µ—Å—è—Ü 99 —Ä—É–±?"
77,"1","2023-11-06T21:30:03.427954Z",78,1.732,"Negative","2023-11-06T21:30:03.427954Z","–ó–¥—Ä–∞–≤—Å—Ç–≤—É–π—Ç–µ, —É –º–µ–Ω—è —Ç–∞–∫–∞—è –ø—Ä–æ–±–ª–µ–º–∞ –∏–∑–Ω–∞—á–∞–ª—å–Ω–æ —Å—Ç–æ—è–ª–æ —Å–º—Å –æ–ø–æ–≤–µ—â–µ–Ω–∏—è –Ω–∞ –æ–¥–Ω–æ–º –Ω–æ–º–µ—Ä–µ –ø–æ—Ç–æ–º –ø–µ—Ä–µ–¥–µ–ª–∞–ª –Ω–∞ –¥—Ä—É–≥–æ–π –∞ —Å–º—Å –∏–¥—É—Ç —Ç–∞–∫ –∂–µ –Ω–∞ —Å—Ç–∞—Ä—ã–π –∫–∞–∫ —ç—Ç–æ –º–æ–∂–Ω–æ –æ—Ç–∫–ª—é—á–∏—Ç—å"
78,"1","2023-11-06T21:30:05.795479Z",79,1.743,"Negative","2023-11-06T21:30:05.795479Z","–ö–∞–∫ –æ—Ç–∫–ª—é—á–∏—Ç—å –ø–ª–∞—Ç–Ω—ã–µ —Å–º—Å –æ–ø–æ–≤–µ—â–µ–Ω–∏–µ"
79,"1","2023-11-06T21:30:08.267917Z",80,1.846,"Negative","2023-11-06T21:30:08.267917Z","–û—Ç–∫–ª—é—á–∏—Ç–µ –º–æ–±–∏–ª—å–Ω–æ–µ —É–≤–µ–¥–æ–º–ª–µ–Ω–∏–µ!!!"
80,"1","2023-11-06T21:30:13.115860Z",81,3.945,"Negative","2023-11-06T21:30:13.115860Z","–ê –∫—Ç–æ –∏ –∑–∞—á–µ–º –ø–æ–¥–∫–ª—é—á–∏–ª —ç—Ç—É —É—Å–ª—É–≥—É? –Ø –Ω–µ –ø—Ä–æ—Å–∏–ª –∏ –Ω–µ —Å–æ–≥–ª–∞—Å–æ–≤—ã–≤–∞–ª —ç—Ç–æ. –û—Ç–∫–ª—é—á–∏—Ç–µ –∏ –±–æ–ª—å—à–µ –Ω–∏—á–µ–≥–æ –Ω–µ –ø–æ–¥–∫–ª—é—á–∞–π—Ç–µ –µ—Å–ª–∏ —è –Ω–µ –ø—Ä–æ—à—É"
81,"1","2023-11-06T21:30:16.559779Z",82,2.765,"Negative","2023-11-06T21:30:16.560771Z","–î–æ–±—Ä–æ–≥–æ —É—Ç—Ä–∞, –∑–∞ —á—Ç–æ —Å–ø–∏—Å–∞–ª–∏ 199 —Ä—É–± 17.10?"
82,"1","2023-11-06T21:30:19.068006Z",83,1.904,"Negative","2023-11-06T21:30:19.069008Z","–û—Ç–∫–ª—é—á–∏—Ç–µ –≥–ø–± –ø–ª—é—Å!!!!!"
83,"1","2023-11-06T21:30:22.227320Z",84,2.236,"Negative","2023-11-06T21:30:22.227320Z","–ö–∞–∫ –æ—Ç–∫–ª—é—á–∏—Ç—å –≥–ø–∫ –ø–ª—é—Å"
84,"1","2023-11-06T21:30:24.816563Z",85,1.959,"Negative","2023-11-06T21:30:24.816563Z","–ó–¥—Ä–∞–≤—Å—Ç–≤—É–π—Ç–µ. –ù–∞ –∫–∞–∫–æ–º –æ—Å–Ω–æ–≤–∞–Ω–∏–∏ —É –º–µ–Ω—è —Å–ø–∏—Å–∞–Ω–æ 99 —Ä—É–±. –∑–∞ –º–æ–±–∏–ª—å–Ω–æ–µ –∏–Ω—Ñ–æ—Ä–º–∏—Ä–æ–≤–∞–Ω–∏–µ, —è —Ç–∞–∫—É—é —É—Å–ª—É–≥—É –æ—Ç–∫–ª—é—á–∞–ª."
85,"1","2023-11-06T21:30:27.747976Z",86,2.056,"Negative","2023-11-06T21:30:27.747976Z","–ë—É–¥—å—Ç–µ –¥–æ–±—Ä—ã –æ—Ç–∫–ª—é—á–∏—Ç–µ —É—Å–ª—É–≥—É –ì–ü–ë –ü–ª—é—Å"
86,"1","2023-11-06T21:30:30.178760Z",87,1.835,"Negative","2023-11-06T21:30:30.178760Z","–ù–∞–ø–∏—Å–∞–ª –æ—Ç–∑—ã–≤ –Ω–∞ –±–∞–Ω–∫–∏.—Ä—É"
87,"1","2023-11-06T21:30:32.873128Z",88,2.066,"Negative","2023-11-06T21:30:32.873128Z","–ö–∞—á–µ—Å—Ç–≤–æ –æ–±—Å–ª—É–∂–∏–≤–∞–Ω–∏—è —É–∂–∞—Å–Ω–æ–µ"
88,"1","2023-11-06T21:30:35.608537Z",89,2.132,"Negative","2023-11-06T21:30:35.608537Z","–í—ã –∏–∑–¥–µ–≤–∞–µ—Ç–µ—Å—å?"
89,"1","2023-11-06T21:30:39.268873Z",90,3.062,"Negative","2023-11-06T21:30:39.268873Z","–Ø –∑–∞–¥–∞–ª–∞ –∫–æ–Ω–∫—Ä–µ—Ç–Ω—ã–π —è—Å–Ω—ã–π –≤–æ–ø—Ä–æ—Å. –ó–∞—á–µ–º –ø–µ—Ä–µ—Å–ø—Ä–∞—à–∏–≤–∞—Ç—å?????"
90,"1","2023-11-06T21:30:44.981829Z",91,4.686,"Negative","2023-11-06T21:30:44.981829Z","–ß–æ –∑–∞ –±—Ä–µ–¥, –∏–∑–Ω–∞—á–∞–ª—å–Ω–æ –±—ã–ª–∞ —Ä–µ—á—å –ø—Ä–æ –ø–æ–∂–∏–∑–Ω–µ–Ω–Ω–æ–µ –±–µ—Å–ø–ª–∞—Ç–Ω–æ–µ –æ–±—Å–ª—É–∂–∏–≤–∞–Ω–∏–µ"
91,"1","2023-11-06T21:30:47.631492Z",92,1.997,"Negative","2023-11-06T21:30:47.631492Z","–ñ–µ–ª–∞—é –≤–æ—Å–ø–æ–ª—å–∑–æ–≤–∞—Ç—å—Å—è –∫—Ä–µ–¥–∏—Ç–∫–æ–π –∏ –±–µ–≥–∞—Ç—å —Å —Ö–µ—Ä –ø–æ–π–º—ë—à—å –æ—Ç–∫—É–¥–∞ —Ç–æ –≤–∑—è—Ç—ã–º–∏ –¥–æ–ª–≥–∞–º–∏"
92,"1","2023-11-06T21:30:50.210237Z",93,2.06,"Negative","2023-11-06T21:30:50.210237Z","üëé"
93,"1","2023-11-06T21:30:52.618692Z",94,1.834,"Negative","2023-11-06T21:30:52.618692Z","–¢–µ–∫—Å—Ç"
94,"1","2023-11-06T21:30:55.261551Z",95,2.054,"Negative","2023-11-06T21:30:55.261551Z","–°–∫–æ–ª—å–∫–æ –≤—Ä–µ–º–µ–Ω–∏ –ø–µ—Ä–µ–≤—ã–ø—É—Å–∫–∞–µ—Ç—Å—è –Ω–æ–≤–∞—è –∫–∞—Ä—Ç–∞ –ø–æ—Å–ª–µ –±–ª–æ–∫–∏—Ä–æ–≤–∫–∏"
95,"1","2023-11-06T21:30:57.544578Z",96,1.707,"Negative","2023-11-06T21:30:57.544578Z","1"
96,"1","2023-11-06T21:30:59.811377Z",97,1.735,"Negative","2023-11-06T21:30:59.811377Z","–î–æ–±—Ä—ã–π –¥–µ–Ω—å! –ö–æ–≥–¥–∞ —Ä–∞–∑–±–ª–æ–∫–∏—Ä—É—é—Ç –¥–µ–Ω–µ–∂–Ω—ã–µ —Å—Ä–µ–¥—Å—Ç–≤–∞ –Ω–∞ —Å—á–µ—Ç—É ?"
97,"1","2023-11-06T21:31:01.904829Z",98,1.547,"Negative","2023-11-06T21:31:01.905833Z","–†–∞–∑–±–ª–æ–∫–∏—Ä–æ–≤–∞—Ç—å –∫–∞—Ä—Ç—É"
98,"1","2023-11-06T21:31:04.126525Z",99,1.703,"Negative","2023-11-06T21:31:04.126525Z","–ü–µ—Ä–µ–≤—ã—à–µ–Ω –ª–∏–º–∏—Ç –Ω–∞–ø–∏—Å–∞–ª —Ç–∞–º"
99,"1","2023-11-06T21:31:06.544918Z",100,1.817,"Negative","2023-11-06T21:31:06.544918Z","–î–æ–±—Ä–æ–≥–æ –≤—Ä–µ–º–µ–Ω–∏ —Å—É—Ç–æ–∫! –•–æ—Ç–µ–ª –ø–µ—Ä–µ–≤–µ—Å—Ç–∏ –¥–µ–Ω—å–≥–∏ —á–µ–ª–æ–≤–µ–∫—É –∏ –º–µ–Ω—è –∑–∞–±–ª–æ–∫–∏—Ä–æ–≤–∞–ª–∏ –∫–∞—Ä—Ç—É"
100,"1","2023-11-06T21:31:09.270334Z",101,2.133,"Negative","2023-11-06T21:31:09.270334Z","–ë—É–¥–µ—Ç –ª–∏ –≤ –¥–∞–Ω–Ω–æ–º —Å–ª—É—á–∞–µ —Ä–∞–∑–±–ª–æ–∫–∏—Ä–æ–≤–∞–Ω–∞ –∫—Ä–µ–¥–∏—Ç–Ω–∞—è –∫–∞—Ä—Ç–∞ –∏ —Å–º–æ–≥—É –ª–∏ –µ–π –ø–æ–ª—å–∑–æ–≤–∞—Ç—å—Å—è"
101,"1","2023-11-06T21:31:43.663299Z",102,2.355,"Negative","2023-11-06T21:31:43.663299Z","–î–∞–Ω–Ω—É—é –æ–ø–µ—Ä–∞—Ü–∏—é –ø–æ–≤—Ç–æ—Ä–Ω–æ –ø—Ä–æ–≤–æ–¥–∏—Ç—å –Ω–µ –Ω—É–∂–Ω–æ —Ç–∞–∫ –∫–∞–∫ –Ω–∞ —Ç–æ—Ç –º–æ–º–µ–Ω—Ç —Ä–µ—à–∏–ª–∏ —Å–∏—Ç—É–∞—Ü–∏—é –∏–Ω—ã–º —Å–ø–æ—Å–æ–±–æ–º, –∫–∞–∫ —è —Å–µ–π—á–∞—Å –º–æ–≥—É —Ä–∞–∑–±–ª–æ–∫–∏—Ä–æ–≤–∞—Ç—å –∫–∞—Ä—Ç—É?"
102,"1","2023-11-06T21:31:46.100507Z",103,1.824,"Negative","2023-11-06T21:31:46.100507Z","–ú–æ–≥–ª–∏ –±—ã –ø—Ä–æ–∫–æ–Ω—Å—É–ª—å—Ç–∏—Ä–æ–≤–∞—Ç—å –ø–æ –ø–æ—Å–ª–µ–¥–Ω–µ–º—É –∑–∞—á–∏—Å–ª–µ–Ω–∏—é?"
103,"1","2023-11-06T21:31:48.887771Z",104,2.177,"Negative","2023-11-06T21:31:48.887771Z","–ó–¥—Ä–∞–≤—Å—Ç–≤—É–π—Ç–µ. –°–∫–∞–∂–∏—Ç–µ –ø–æ–∂–∞–ª—É—Å—Ç–∞, –±—ã–ª–æ –ø–æ—Å—Ç—É–ø–ª–µ–Ω–∏–µ. 2030 —Ä—É–±–ª–µ–π –Ω–∞ –∫–∞—Ä—Ç—É. –û—Ç –∫–æ–≥–æ –º–æ–∂–Ω–æ —É–∑–Ω–∞—Ç—å?"
104,"1","2023-11-06T21:31:51.677320Z",105,1.865,"Negative","2023-11-06T21:31:51.677320Z","–ö—Ç–æ –ø–æ–ø–æ–ª–Ω–∏–ª –∫–∞—Ä—Ç—É"
105,"1","2023-11-06T21:31:57.122333Z",106,4.723,"Negative","2023-11-06T21:31:57.123329Z","–ö—Ç–æ –ø–æ–ø–æ–ª–Ω–∏–ª –∫–∞—Ä—Ç—É"
106,"1","2023-11-06T21:31:59.995960Z",107,2.258,"Negative","2023-11-06T21:31:59.995960Z","–ß—Ç–æ —ç—Ç–æ –∑–∞ –æ–ø–µ—Ä–∞—Ü–∏—è?"
107,"1","2023-11-06T21:32:02.391877Z",108,1.817,"Negative","2023-11-06T21:32:02.391877Z","–î–æ–±—Ä—ã–π –¥–µ–Ω—å ! –ú–æ–∂–Ω–æ –∑–∞–∫–∞–∑–∞—Ç—å –¥–µ—Ç–∞–ª–∏–∑–∞—Ü–∏—é –ø–æ –∫–∞—Ä—Ç–µ?"
108,"1","2023-11-06T21:32:04.765871Z",109,1.667,"Negative","2023-11-06T21:32:04.765871Z","–î–æ–±—Ä—ã–π –¥–µ–Ω—å ! –ú–æ–∂–Ω–æ –∑–∞–∫–∞–∑–∞—Ç—å –¥–µ—Ç–∞–ª–∏–∑–∞—Ü–∏—é –ø–æ –∫–∞—Ä—Ç–µ?"
109,"1","2023-11-06T21:32:07.127840Z",110,1.814,"Negative","2023-11-06T21:32:07.127840Z","–ü–æ—á–µ–º—É –Ω–µ –º–æ–≥—É –∑–∞–∫–∞–∑–∞—Ç—å –≤—ã–ø–∏—Å–∫—É —Ç—Ä–∞—Ç –ø–æ –∫–∞—Ä—Ç–µ "
110,"1","2023-11-06T21:32:48.737021Z",114,2.026,"Neutral","2023-11-06T21:32:48.737021Z","–ï—Å—Ç—å –ª–∏ —É –≤–∞—Å –ø–µ–Ω—Å–∏–æ–Ω–Ω–∞—è –∫–∞—Ä—Ç–∞?"
114,"1","2023-11-06T21:34:22.696293Z",129,2.191,"Neutral","2023-11-06T21:34:22.696293Z","–ó–∞–±—ã–ª–∞ –ø–∏–Ω –∫–æ–¥"
113,"1","2023-11-06T21:34:15.266536Z",130,1.7,"Negative","2023-11-06T21:34:15.266536Z","–ù–µ –º–æ–≥—É –ø–µ—Ä–µ–≤–µ—Å—Ç–∏ –¥–µ–Ω—å–≥–∏ —Å –∫–∞—Ä—Ç—ã –¥—Ä—É–≥–æ–≥–æ –±–∞–Ω–∫–∞ –Ω–∏ –Ω–∞ –æ–¥–Ω—É –∏–∑ –∫–∞—Ä—Ç –≥–∞–∑–ø—Ä–æ–º–∞"
112,"1","2023-11-06T21:34:07.991131Z",131,2.643,"Negative","2023-11-06T21:34:07.991131Z","–ù–µ –º–æ–≥—É –ø–µ—Ä–µ–≤–µ—Å—Ç–∏ –¥–µ–Ω—å–≥–∏ —Å –∫–∞—Ä—Ç—ã –¥—Ä—É–≥–æ–≥–æ –±–∞–Ω–∫–∞ –Ω–∏ –Ω–∞ –æ–¥–Ω—É –∏–∑ –∫–∞—Ä—Ç –≥–∞–∑–ø—Ä–æ–º–∞"
111,"1","2023-11-06T21:33:58.929299Z",132,3.332,"Neutral","2023-11-06T21:33:58.929299Z","–ó–∞–±—ã–ª –ø–∏–Ω –∫–æ–¥ –æ—Ç –∫–∞—Ä—Ç—ã"
